Year,Level,Value,Industry,Employee_Count,Revenue_Million,Has_Innovations
2019,Level 2,76930,Services,178,263.23,TRUE
2013,Level 3,3444,Manufacturing,3454,326.54,TRUE
2009,Level 2,13855,Technology,4749,318.7,TRUE
2018,Level 3,6813,All Industries,524,21.64,FALSE
2019,Level 2,20484,All Industries,3355,324,FALSE
2006,Level 3,84169,Technology,4494,234.34,FALSE
2002,Level 4,2051,Manufacturing,4299,342.79,FALSE
2013,Level 2,5292,Services,1893,185.3,FALSE
2011,Level 1,35502,All Industries,1512,126.54,TRUE
2021,Level 2,73754,Manufacturing,687,159.16,TRUE
2005,Level 3,23240,Manufacturing,3776,32.68,TRUE
2020,Level 4,35685,Services,4957,305.74,TRUE
2008,Level 3,2237,Energy,3862,286.3,FALSE
2016,Level 1,23666,All Industries,1941,204.9,FALSE
2013,Level 3,16367,Services,1151,113.28,TRUE
2020,Level 3,32753,Manufacturing,708,462.8,TRUE
2003,Level 1,74400,Technology,4489,235.74,TRUE
2025,Level 3,85527,Manufacturing,3407,237.6,TRUE
2015,Level 2,97849,All Industries,2018,491.45,TRUE
2007,Level 4,39101,Services,990,199.34,FALSE
2022,Level 2,41164,Technology,1178,448.57,TRUE
2009,Level 4,40956,Retail,3459,11.1,FALSE
2001,Level 4,,Services,3345,306.97,TRUE
2001,Level 4,48622,All Industries,4224,176.3,TRUE
2002,Level 1,66811,All Industries,3573,142.93,TRUE
2014,Level 1,42105,All Industries,2586,425.96,FALSE
2010,Level 1,61317,All Industries,4941,337.45,TRUE
2021,Level 1,62924,All Industries,1022,109.96,TRUE
2023,Level 1,83332,Services,2622,286.04,TRUE
2020,Level 2,11024,All Industries,1268,43.88,FALSE
2011,Level 1,93898,Energy,1129,397.9,FALSE
2025,Level 2,4691,All Industries,3582,385.22,TRUE
2023,Level 4,16950,Services,1805,454.07,TRUE
2001,Level 1,16716,Manufacturing,4717,496,FALSE
2010,Level 2,38632,Manufacturing,2707,31.46,TRUE
2012,Level 4,72835,All Industries,2626,497.29,FALSE
2023,Level 2,21114,Technology,3318,147.43,FALSE
2011,Level 2,52693,Technology,3229,40.34,TRUE
2014,Level 1,38129,Services,2916,104.22,TRUE
2001,Level 1,62731,Manufacturing,4837,185.75,FALSE
2020,Level 1,1582,All Industries,3549,48.46,TRUE
2018,Level 2,9944,All Industries,640,287.88,FALSE
2022,Level 3,90125,Manufacturing,4890,414.33,FALSE
2004,Level 1,26423,Retail,3657,146.58,FALSE
2017,Level 3,,Services,4039,252.57,TRUE
2000,Level 3,10200,Energy,1324,481.02,TRUE
2006,Level 1,87826,Technology,3338,431.94,FALSE
2024,Level 1,26036,Technology,3809,469.03,TRUE
2003,Level 1,8660,Technology,1390,183.8,TRUE
2024,Level 2,38050,Energy,2795,477.23,TRUE
2020,Level 2,51962,All Industries,4468,45.02,TRUE
2016,Level 2,14410,Retail,1352,24.08,TRUE
2004,Level 3,,All Industries,4865,333.65,TRUE
2017,Level 2,64447,Manufacturing,4178,94.73,TRUE
2005,Level 3,22144,Retail,3242,145.44,TRUE
2008,Level 3,9828,Retail,2335,428.61,TRUE
2007,Level 4,94505,Energy,4477,437.74,TRUE
2015,Level 2,92248,All Industries,2575,195.55,TRUE
2001,Level 1,83507,Retail,2102,190.71,FALSE
2003,Level 3,48242,Manufacturing,1109,27.44,FALSE
2013,Level 1,28588,Services,1162,137.3,FALSE
2010,Level 2,87233,Technology,2917,236.98,FALSE
2004,Level 4,58740,Retail,2388,26.31,FALSE
2014,Level 2,60779,All Industries,4722,12.2,FALSE
2002,Level 2,30573,Manufacturing,822,434.13,TRUE
2012,Level 3,99883,Technology,4718,145.66,TRUE
2001,Level 2,5020,Manufacturing,3690,324.69,TRUE
2017,Level 1,26950,Technology,829,339.27,FALSE
2000,Level 2,31260,Services,190,161.01,TRUE
2022,Level 2,94271,Energy,2033,482.31,FALSE
2013,Level 4,65969,All Industries,4419,357.89,FALSE
2008,Level 3,50183,Retail,2315,121.52,FALSE
2016,Level 4,97041,Technology,722,180.79,TRUE
2001,Level 2,44193,All Industries,4006,370.66,TRUE
2006,Level 2,,Services,3680,407.22,TRUE
2017,Level 3,52158,Manufacturing,632,293.17,FALSE
2016,Level 3,25877,Manufacturing,569,429.36,FALSE
2008,Level 4,91418,Manufacturing,1472,332.87,TRUE
2015,Level 4,75784,Services,1083,178.81,TRUE
2019,Level 4,24078,Energy,2845,27.87,FALSE
2011,Level 4,52320,Technology,1780,61.73,FALSE
2025,Level 3,46430,Manufacturing,2914,379.5,TRUE
2020,Level 2,41868,Manufacturing,3638,443.39,FALSE
2001,Level 4,15065,Technology,4980,138.21,TRUE
2022,Level 3,20493,All Industries,2234,241.64,TRUE
2008,Level 1,10467,Retail,1136,306.5,FALSE
2017,Level 1,10419,All Industries,579,358.38,TRUE
2006,Level 3,18219,Energy,4229,242.02,FALSE
2016,Level 1,79418,All Industries,2405,166.98,FALSE
2008,Level 2,95600,Services,3352,431.15,FALSE
2013,Level 1,6126,Energy,2672,23.41,FALSE
2005,Level 3,41019,Technology,2576,62.77,TRUE
2002,Level 2,48858,Energy,4515,481.76,TRUE
2000,Level 2,45082,Services,3327,88.73,TRUE
2011,Level 1,82070,All Industries,4783,343.86,FALSE
2006,Level 1,60307,Services,4112,348.54,FALSE
2017,Level 2,75796,Services,1195,282.13,FALSE
2015,Level 4,14810,Services,320,291.88,FALSE
2004,Level 1,18256,Manufacturing,2227,341.91,TRUE
2000,Level 2,85569,Technology,3677,217.22,TRUE
2010,Level 3,75689,Services,1127,158.98,FALSE
2022,Level 2,16910,Services,2298,280.97,FALSE
2014,Level 2,70803,Services,1345,29.46,FALSE
2023,Level 2,2971,Retail,751,233.23,FALSE
2018,Level 3,14369,Energy,3234,285.14,TRUE
2013,Level 3,95240,Energy,1424,152.76,TRUE
2011,Level 3,63098,Energy,1001,230.45,TRUE
2019,Level 4,39687,Energy,3879,117.27,TRUE
2025,Level 3,53496,Retail,4484,51.26,FALSE
2023,Level 3,77106,Manufacturing,72,371.59,FALSE
2009,Level 4,87270,Technology,2111,219.11,FALSE
2009,Level 4,39996,Retail,4244,41.75,TRUE
2023,Level 2,16213,All Industries,940,409.85,FALSE
2022,Level 3,54949,Retail,2772,271.79,FALSE
2023,Level 3,73521,Technology,818,101.16,TRUE
2021,Level 2,14871,Manufacturing,346,32.74,TRUE
2012,Level 4,43313,Energy,1312,348.68,TRUE
2018,Level 1,81591,All Industries,4032,344.49,FALSE
2024,Level 4,21554,Energy,3992,63.15,TRUE
2005,Level 3,57891,All Industries,2801,180.38,FALSE
2011,Level 3,64230,Services,4952,368.78,FALSE
2012,Level 3,46330,Energy,3559,261.5,TRUE
2024,Level 2,,Retail,1734,250.07,TRUE
2021,Level 2,42923,Services,3604,282.13,FALSE
2011,Level 3,89531,Energy,4099,154.45,FALSE
2000,Level 3,83774,All Industries,2160,164.63,TRUE
2020,Level 3,28636,All Industries,4595,469.61,FALSE
2025,Level 1,33575,Energy,540,313.08,TRUE
2016,Level 2,22866,Retail,3123,278.87,TRUE
2020,Level 4,92611,Manufacturing,466,248.92,FALSE
2018,Level 3,2470,Manufacturing,4764,67.63,FALSE
2021,Level 1,59142,All Industries,1304,478.45,TRUE
2019,Level 4,99439,Technology,1226,57.08,TRUE
2000,Level 4,51745,Services,77,33.73,FALSE
2015,Level 1,92900,Technology,1480,39.87,FALSE
2022,Level 2,90826,Manufacturing,4809,178.57,TRUE
2004,Level 3,51954,All Industries,2629,425.47,TRUE
2010,Level 2,59729,Energy,1040,353.97,TRUE
2025,Level 2,87258,Technology,2842,210.59,FALSE
2017,Level 3,22540,Technology,1586,364.76,TRUE
2001,Level 2,83736,Retail,265,140.97,TRUE
2000,Level 3,27960,Services,2194,329.38,TRUE
2010,Level 4,58764,Manufacturing,3761,328.69,TRUE
2000,Level 2,67566,Manufacturing,957,177.91,TRUE
2016,Level 4,59092,Services,1185,274.44,FALSE
2019,Level 4,88440,Energy,1378,435.81,TRUE
2011,Level 2,38398,Energy,4918,38.77,TRUE
2007,Level 1,60763,Technology,272,324.29,TRUE
2014,Level 2,72488,Energy,4329,455.65,FALSE
2018,Level 2,51930,Manufacturing,1881,82.28,FALSE
2011,Level 3,4659,All Industries,3412,239.42,FALSE
2013,Level 4,21113,Energy,4838,105.4,TRUE
2011,Level 3,25200,Retail,2105,343.28,TRUE
2019,Level 2,15347,Services,4106,178.51,FALSE
2016,Level 2,45097,Manufacturing,2071,244.15,FALSE
2018,Level 2,11097,Retail,3545,186.15,TRUE
2007,Level 4,11135,Technology,1751,486.38,TRUE
2002,Level 4,24223,Retail,4416,211.03,FALSE
2006,Level 1,31165,Manufacturing,4911,132.7,TRUE
2016,Level 3,52872,Services,3037,383.86,TRUE
2019,Level 2,51249,Manufacturing,4630,60.85,TRUE
2006,Level 2,20308,Retail,2266,133.41,FALSE
2011,Level 3,26011,Services,555,348.58,FALSE
2015,Level 1,50358,Energy,1700,138.37,FALSE
2006,Level 3,76092,Technology,4572,164.38,TRUE
2004,Level 1,37214,Technology,888,98.81,TRUE
2021,Level 1,20214,Energy,294,39.67,TRUE
2020,Level 4,42152,Services,4431,399.55,FALSE
2003,Level 3,46504,Services,228,377.05,FALSE
2011,Level 1,94865,Energy,3127,302.67,FALSE
2025,Level 1,33327,Manufacturing,307,218.85,TRUE
2024,Level 1,10625,Technology,1313,378.15,TRUE
2010,Level 3,77150,Energy,4921,464.46,TRUE
2018,Level 3,91296,Manufacturing,1830,279.04,TRUE
2011,Level 3,19250,Retail,4843,337.92,TRUE
2016,Level 1,59403,Technology,1348,452.13,FALSE
2006,Level 2,66265,Retail,3379,370.4,TRUE
2020,Level 1,8834,Manufacturing,4751,182.27,TRUE
2005,Level 1,93522,Services,2135,345.61,FALSE
2021,Level 3,88494,Retail,3212,300.27,FALSE
2007,Level 4,66175,Retail,3964,154.45,TRUE
2013,Level 2,98048,Retail,2470,414.92,TRUE
2008,Level 2,53989,Energy,2622,205.58,FALSE
2003,Level 1,44387,Services,4912,178.98,FALSE
2019,Level 2,78163,Retail,4804,274.26,TRUE
2001,Level 4,21342,Energy,3531,200.35,TRUE
2004,Level 2,22634,Services,4253,495.65,FALSE
2024,Level 3,4436,Manufacturing,794,104.87,FALSE
2018,Level 3,,Manufacturing,1357,86.62,TRUE
2022,Level 3,57445,Manufacturing,4243,262.03,FALSE
2014,Level 2,51386,Services,2415,159.03,FALSE
2005,Level 3,64986,Retail,4740,246.17,TRUE
2003,Level 4,24803,Energy,2491,60.39,FALSE
2005,Level 3,29702,Retail,3306,268.95,TRUE
2020,Level 4,23145,Retail,4463,229.96,FALSE
2021,Level 2,59091,Energy,3752,250.08,TRUE
2022,Level 1,,Retail,22,68.04,FALSE
2012,Level 2,70635,All Industries,2132,252.66,FALSE
2009,Level 2,18035,Energy,2635,393.27,FALSE
2017,Level 2,75858,All Industries,902,131.02,FALSE
2016,Level 4,61815,Retail,157,144.64,FALSE
2001,Level 2,99615,Retail,2390,214.99,TRUE
2000,Level 1,5980,Technology,2118,216.83,TRUE
2011,Level 2,12081,All Industries,2506,92.47,FALSE
2011,Level 2,32232,Services,3970,438.81,FALSE
2025,Level 1,72381,Retail,1801,492.94,TRUE
2022,Level 4,55957,Retail,255,20.43,FALSE
2007,Level 3,32633,Services,4497,4.51,FALSE
2014,Level 4,49986,Manufacturing,4697,184.35,FALSE
2012,Level 2,83188,Energy,2401,318.33,TRUE
2020,Level 2,83994,Manufacturing,2491,16.66,TRUE
2024,Level 4,92415,Technology,4331,101.94,FALSE
2023,Level 4,9327,Manufacturing,4159,128.88,FALSE
2005,Level 4,,Manufacturing,1128,114.57,TRUE
2004,Level 4,15583,Manufacturing,2005,169.86,FALSE
2024,Level 1,90598,Energy,3592,289.7,TRUE
2012,Level 4,69062,Services,544,66.68,FALSE
2012,Level 1,27563,Energy,2894,275.59,TRUE
2025,Level 4,47619,Services,1401,122.65,TRUE
2017,Level 4,17830,Manufacturing,804,88.45,TRUE
2002,Level 1,33640,All Industries,3142,335.58,FALSE
2012,Level 4,79428,All Industries,3489,59.74,TRUE
2012,Level 1,65408,Technology,4160,43.02,TRUE
2018,Level 1,14804,Energy,855,341.44,TRUE
2020,Level 4,84144,All Industries,3621,127.17,FALSE
2015,Level 4,30592,Services,2255,351.65,FALSE
2025,Level 1,21151,All Industries,1542,55.95,FALSE
2023,Level 2,61981,Technology,4477,26.99,TRUE
2017,Level 1,14820,Retail,2077,495.1,TRUE
2005,Level 2,52650,All Industries,2412,158.57,FALSE
2005,Level 2,67214,Manufacturing,2386,359.48,FALSE
2004,Level 3,91125,Retail,3080,85.92,TRUE
2024,Level 4,3889,All Industries,247,68.46,TRUE
2019,Level 3,14040,Energy,2718,277.01,FALSE
2014,Level 3,9049,Services,2224,141.23,FALSE
2005,Level 3,94019,All Industries,3736,263.28,FALSE
2001,Level 2,47430,Retail,2384,5.21,FALSE
2012,Level 1,89208,All Industries,3571,354.04,TRUE
2003,Level 1,77439,All Industries,4147,135.43,TRUE
2022,Level 2,68295,Retail,4655,430.63,FALSE
2017,Level 4,23178,Retail,2988,252.04,TRUE
2013,Level 3,31645,Manufacturing,2029,464.4,FALSE
2024,Level 2,,All Industries,1646,291.3,FALSE
2013,Level 3,5782,All Industries,1675,309.11,FALSE
2000,Level 3,64186,Technology,1402,195.8,TRUE
2001,Level 2,1056,Technology,2375,128.4,FALSE
2017,Level 2,48109,Technology,3772,371.06,TRUE
2004,Level 4,85540,All Industries,3916,487.46,TRUE
2021,Level 1,66173,Services,675,15.12,TRUE
2020,Level 2,17914,Services,2746,258.52,TRUE
2007,Level 3,6103,Technology,4293,473.48,TRUE
2014,Level 4,70955,Services,2567,453.3,FALSE
2010,Level 2,99266,Services,2730,457.43,FALSE
2018,Level 4,37161,Retail,179,378.13,FALSE
2015,Level 2,31505,All Industries,2803,73.23,FALSE
2016,Level 3,19997,Services,1617,139.54,TRUE
2001,Level 1,99371,Retail,1762,206.65,FALSE
2014,Level 3,79866,Retail,2759,200.87,FALSE
2003,Level 3,15865,Energy,2807,172.35,FALSE
2023,Level 1,86963,Technology,4285,466.2,TRUE
2007,Level 3,44094,Manufacturing,4554,438.46,TRUE
2023,Level 1,73467,Services,1326,205.46,TRUE
2013,Level 3,86715,All Industries,118,164.12,FALSE
2013,Level 3,92344,Services,3002,316.62,FALSE
2018,Level 3,64068,Manufacturing,2616,35.86,FALSE
2013,Level 4,15819,All Industries,3942,153.74,TRUE
2006,Level 3,12047,Technology,152,293.02,TRUE
2021,Level 4,85839,Technology,2483,399.37,FALSE
2013,Level 3,82112,Services,3134,461.46,TRUE
2011,Level 2,86640,Energy,369,247.22,TRUE
2020,Level 3,96458,Technology,1217,190.99,TRUE
2016,Level 1,79675,Manufacturing,4849,347.43,FALSE
2014,Level 1,88978,Technology,1154,455.18,FALSE
2020,Level 1,65046,Technology,2562,149.62,FALSE
2015,Level 2,81213,All Industries,2199,394.68,FALSE
2016,Level 3,38784,Retail,1121,359.66,FALSE
2007,Level 3,8139,Technology,1102,243.18,TRUE
2020,Level 1,73473,Manufacturing,1819,17.01,FALSE
2007,Level 1,62156,Services,2703,375.55,TRUE
2012,Level 3,15982,Energy,4184,278.33,FALSE
2001,Level 1,15619,Technology,374,116.65,FALSE
2019,Level 4,20378,Technology,2695,359.47,TRUE
2002,Level 3,96287,Energy,2490,210.8,FALSE
2000,Level 4,37923,Manufacturing,4655,427.01,TRUE
2012,Level 1,76037,Manufacturing,3245,179.4,TRUE
2016,Level 3,70792,Manufacturing,1546,167.71,FALSE
2020,Level 1,86045,Services,3577,41.82,FALSE
2000,Level 2,78114,Retail,3089,100.73,FALSE
2021,Level 1,10078,Services,1374,43.96,FALSE
2019,Level 2,90864,Energy,2850,158.8,FALSE
2011,Level 2,93368,All Industries,692,64.79,FALSE
2024,Level 4,30300,All Industries,1064,281.67,TRUE
2011,Level 1,39745,Energy,3605,384.72,FALSE
2004,Level 4,55734,Energy,2462,385.9,TRUE
2022,Level 3,58847,Manufacturing,1294,426.04,TRUE
2014,Level 4,33495,Manufacturing,1714,332.24,TRUE
2017,Level 1,71958,Retail,958,150.95,FALSE
2022,Level 2,80250,Manufacturing,4290,118,FALSE
2018,Level 3,97459,Services,1039,279.53,FALSE
2020,Level 3,10207,Energy,48,238.03,FALSE
2007,Level 1,18168,Energy,4873,127.3,FALSE
2002,Level 3,17619,Manufacturing,1980,201.6,TRUE
2010,Level 2,72728,Services,3315,271.76,TRUE
2006,Level 4,33146,Retail,1294,10.71,TRUE
2005,Level 4,7580,All Industries,1632,133.3,FALSE
2008,Level 2,27994,Services,4200,38.51,TRUE
2012,Level 1,62773,Manufacturing,4047,247.55,FALSE
2007,Level 3,23071,All Industries,3671,111.78,FALSE
2012,Level 1,54812,Technology,3898,317.22,TRUE
2001,Level 2,19578,Technology,1792,457.86,TRUE
2022,Level 2,53434,Energy,3611,115.21,TRUE
2019,Level 3,32448,Technology,978,195.33,FALSE
2014,Level 4,99209,Retail,3378,346.86,FALSE
2016,Level 4,99093,All Industries,1816,140.34,FALSE
2011,Level 1,59813,All Industries,2630,381.82,FALSE
2012,Level 4,47547,Retail,4571,167.29,TRUE
2000,Level 4,50253,Technology,3726,310.72,TRUE
2008,Level 2,84722,Retail,4334,205.6,FALSE
2019,Level 3,18041,Energy,2556,356.75,TRUE
2002,Level 2,57135,Manufacturing,1381,481.41,TRUE
2024,Level 3,2772,Manufacturing,2386,116.09,TRUE
2004,Level 1,56708,Manufacturing,3951,359.72,TRUE
2012,Level 2,37919,Manufacturing,4782,15.33,TRUE
2014,Level 4,37082,Manufacturing,3782,410.64,FALSE
2025,Level 4,19407,Energy,4914,175,FALSE
2024,Level 3,52520,Technology,3146,253.63,TRUE
2025,Level 2,22937,Energy,2911,57.25,TRUE
2006,Level 1,69295,Retail,1090,302.98,TRUE
2008,Level 2,94728,Manufacturing,4161,412.46,TRUE
2019,Level 3,54267,Retail,2419,68.84,TRUE
2005,Level 3,81239,Manufacturing,727,121.95,FALSE
2002,Level 4,96289,Retail,4586,486.59,FALSE
2017,Level 3,55754,Energy,3300,92.74,FALSE
2003,Level 2,78964,Technology,2898,156.8,TRUE
2004,Level 1,87837,Energy,743,383.72,FALSE
2009,Level 2,10136,Retail,2230,324.84,TRUE
2007,Level 1,79464,Retail,2241,440.08,TRUE
2011,Level 3,24040,All Industries,4395,171.48,TRUE
2025,Level 1,18836,Manufacturing,797,389.19,TRUE
2002,Level 1,89123,Technology,258,249.02,FALSE
2019,Level 2,21669,Energy,233,146.51,TRUE
2006,Level 3,36385,All Industries,2759,493.9,FALSE
2023,Level 1,29398,Services,3566,89.89,FALSE
2000,Level 2,25530,Manufacturing,1737,149.98,FALSE
2015,Level 4,71748,All Industries,1976,317.81,TRUE
2001,Level 2,31511,Retail,1005,196.15,FALSE
2003,Level 1,89724,Manufacturing,801,211.75,FALSE
2019,Level 1,15076,Technology,3504,120.42,FALSE
2002,Level 1,49927,Energy,2931,176.71,TRUE
2016,Level 2,69883,Technology,823,297.1,TRUE
2016,Level 1,93384,Technology,4696,408.03,FALSE
2013,Level 3,90176,Services,3712,430.01,TRUE
2025,Level 1,19981,Retail,4664,491.16,TRUE
2013,Level 1,64505,Services,1473,373.69,FALSE
2017,Level 1,90773,Services,736,433.88,FALSE
2017,Level 4,26280,Retail,3511,233.06,FALSE
2022,Level 4,18405,Services,3352,70.76,FALSE
2007,Level 1,,Technology,3349,210.03,FALSE
2002,Level 3,29296,Technology,66,45.63,TRUE
2009,Level 4,28166,Technology,1946,74.93,FALSE
2022,Level 2,51417,Services,1071,371.88,FALSE
2025,Level 4,20868,Energy,2004,241.33,TRUE
2010,Level 4,59114,Services,572,51.74,FALSE
2015,Level 2,27207,Energy,737,63.38,FALSE
2018,Level 1,,Manufacturing,3469,211.86,TRUE
2011,Level 4,62363,Retail,3087,132.68,TRUE
2014,Level 2,52530,All Industries,1867,76.34,FALSE
2003,Level 3,99237,Retail,3241,403.36,TRUE
2002,Level 3,62472,Energy,3830,440.71,FALSE
2012,Level 1,56123,Services,4134,372.49,FALSE
2009,Level 2,20470,Services,4546,337.06,TRUE
2025,Level 2,73754,Manufacturing,2863,267.65,TRUE
2009,Level 4,15208,Retail,3051,76.87,FALSE
2019,Level 4,82169,Manufacturing,1604,276.16,FALSE
2018,Level 4,84528,Services,2859,233.33,FALSE
2006,Level 1,7753,Services,3313,53.2,TRUE
2020,Level 3,19594,Technology,3123,11.29,FALSE
2024,Level 4,19261,Energy,1859,182.82,TRUE
2019,Level 1,84881,Services,964,309.2,TRUE
2017,Level 2,41250,Energy,385,497.01,FALSE
2010,Level 4,30675,All Industries,2526,178.15,FALSE
2024,Level 1,,Retail,4002,1.02,FALSE
2016,Level 3,46656,Technology,3587,264.91,TRUE
2000,Level 2,61266,Energy,678,314.94,TRUE
2021,Level 2,99404,Technology,4184,282.04,TRUE
2018,Level 1,50355,Technology,1201,335.13,FALSE
2023,Level 3,40061,All Industries,4761,272.99,FALSE
2002,Level 3,,Energy,4297,319.01,FALSE
2013,Level 1,8346,Retail,3058,3.85,FALSE
2003,Level 2,9475,Retail,4005,239.33,FALSE
2017,Level 3,14835,Technology,4406,176.77,FALSE
2013,Level 4,31337,Energy,1996,194.82,FALSE
2000,Level 1,78130,Retail,625,413.19,TRUE
2016,Level 2,99625,Manufacturing,2745,111.63,TRUE
2025,Level 3,23733,Energy,2709,275.71,TRUE
2019,Level 4,,Retail,4217,25.22,FALSE
2019,Level 3,60502,Technology,4445,223.7,FALSE
2001,Level 2,82538,Services,3894,162.71,TRUE
2017,Level 4,91663,Energy,4276,126.98,FALSE
2024,Level 2,64675,Energy,1918,228.73,FALSE
2013,Level 1,83653,Services,427,265.5,FALSE
2013,Level 4,47974,Services,234,207.87,TRUE
2014,Level 1,70547,Services,4098,254.62,TRUE
2022,Level 3,22922,Manufacturing,4392,389.35,TRUE
2005,Level 3,57767,Services,3823,322.93,TRUE
2016,Level 1,62469,Manufacturing,502,462.79,TRUE
2005,Level 4,84491,Technology,1209,289.02,FALSE
2001,Level 3,42600,Retail,4032,405.22,FALSE
2000,Level 4,,Technology,261,280.91,FALSE
2010,Level 3,66884,Technology,415,54.81,TRUE
2004,Level 3,72138,Energy,1627,421.83,FALSE
2008,Level 1,51194,Retail,689,184.94,FALSE
2000,Level 4,64366,All Industries,2257,308.8,TRUE
2023,Level 2,63974,Manufacturing,1902,421.01,TRUE
2023,Level 3,72793,Technology,4864,123.71,TRUE
2015,Level 4,47581,Services,3212,306.32,FALSE
2017,Level 1,21736,All Industries,3229,473.95,TRUE
2006,Level 1,58914,Services,3762,287.44,FALSE
2011,Level 1,62552,Technology,721,104.65,TRUE
2025,Level 4,83250,Retail,2981,94.2,FALSE
2004,Level 3,97305,Technology,2075,53.54,TRUE
2012,Level 3,4184,Energy,1705,144.46,TRUE
2015,Level 3,88834,Manufacturing,3797,385.71,FALSE
2003,Level 2,41247,Energy,299,456.09,TRUE
2002,Level 1,49152,Manufacturing,2431,148.45,TRUE
2022,Level 1,5204,All Industries,525,442.54,TRUE
2010,Level 1,1559,Services,2502,181.67,FALSE
2015,Level 2,18430,Energy,4522,69.74,TRUE
2010,Level 2,,All Industries,3752,162.21,FALSE
2000,Level 2,75861,Retail,3460,66.41,TRUE
2001,Level 3,56964,Technology,1359,139.45,TRUE
2005,Level 4,25169,All Industries,1527,134.05,TRUE
2017,Level 4,14799,Services,306,34.34,TRUE
2012,Level 4,4683,Energy,1959,261.51,FALSE
2001,Level 4,56673,Technology,1683,47.78,TRUE
2011,Level 4,2881,Retail,4256,229.83,FALSE
2007,Level 1,83280,Services,161,413.28,TRUE
2014,Level 1,29811,Manufacturing,2491,315.45,TRUE
2016,Level 2,34612,Manufacturing,4079,231.14,TRUE
2024,Level 3,44274,All Industries,3365,75.89,FALSE
2001,Level 3,28725,Technology,1174,463.34,TRUE
2018,Level 1,41510,Services,4834,348.3,FALSE
2012,Level 3,57786,Services,1260,402.55,TRUE
2016,Level 3,16693,All Industries,1444,291.22,FALSE
2003,Level 1,,All Industries,3117,357.2,FALSE
2009,Level 2,90241,Technology,665,128.79,FALSE
2003,Level 4,11548,Technology,2277,100.14,FALSE
2013,Level 4,38422,Retail,2291,121.75,TRUE
2020,Level 3,91370,Services,2222,322.89,TRUE
2010,Level 3,62589,Retail,3155,2.97,TRUE
2004,Level 2,15906,Services,727,229.28,FALSE
2003,Level 1,79207,Technology,1971,245.12,FALSE
2008,Level 1,68027,Technology,2967,81.6,FALSE
2017,Level 3,67894,Retail,397,244.49,FALSE
2010,Level 4,79665,All Industries,1166,466.57,TRUE
2008,Level 1,17700,Energy,3729,390.28,FALSE
2015,Level 2,25398,Manufacturing,306,394.12,FALSE
2016,Level 4,15202,Services,4297,360.1,FALSE
2010,Level 1,31565,Energy,3577,201.06,TRUE
2021,Level 2,48025,Retail,68,476.4,FALSE
2001,Level 2,73827,Technology,1123,299.91,TRUE
2008,Level 2,76752,Manufacturing,3323,220.76,TRUE
2009,Level 3,73574,All Industries,1444,131.47,FALSE
2009,Level 4,97606,Services,29,287.11,FALSE
2016,Level 3,,Technology,2972,445.1,TRUE
2025,Level 4,65504,Manufacturing,4918,408.43,FALSE
2003,Level 1,43935,Energy,2017,474.9,FALSE
2003,Level 1,69180,Energy,757,197.06,FALSE
2021,Level 3,58677,Energy,536,243.79,FALSE
2020,Level 2,62438,Manufacturing,2841,122.23,TRUE
2020,Level 3,19951,Energy,24,42.99,TRUE
2004,Level 1,30549,Technology,1303,405.6,TRUE
2013,Level 2,66413,Technology,3093,397.09,TRUE
2009,Level 3,31960,Services,4396,217.02,FALSE
2010,Level 4,62109,Services,4862,318.62,TRUE
2006,Level 2,11969,Services,1764,326.03,TRUE
2020,Level 4,56681,All Industries,4685,366.87,TRUE
2014,Level 3,59464,Energy,4355,112.13,TRUE
2000,Level 2,78209,Energy,1889,234.12,FALSE
2011,Level 3,55715,Services,2508,364.46,TRUE
2001,Level 1,9968,Energy,4261,114.69,TRUE
2003,Level 2,5727,Manufacturing,2996,164.19,FALSE
2014,Level 1,28928,Energy,4745,359.02,TRUE
2007,Level 1,52507,Retail,1899,321.64,TRUE
2017,Level 2,93532,Energy,3517,61.46,TRUE
2006,Level 3,73128,Manufacturing,145,51.88,TRUE
2021,Level 4,33618,Manufacturing,1839,47.23,FALSE
2014,Level 4,30198,Energy,3553,287.14,FALSE
2013,Level 3,7307,Technology,3040,241.63,TRUE
2006,Level 3,23450,Services,1260,116.66,TRUE
2014,Level 1,70474,Services,279,80.54,TRUE
2013,Level 4,16323,Manufacturing,444,139.73,FALSE
2008,Level 2,25915,Energy,2397,50.49,TRUE
2003,Level 3,9949,Retail,2507,306.05,FALSE
2014,Level 4,14464,All Industries,3706,115.19,TRUE
2005,Level 3,6150,Manufacturing,2220,392.52,TRUE
2007,Level 4,53047,Services,785,343.82,TRUE
2009,Level 2,32846,Technology,2060,323.03,FALSE
2011,Level 1,,Manufacturing,3897,67.73,TRUE
2014,Level 2,6687,Energy,3405,483.88,TRUE
2007,Level 1,25246,Retail,2326,155.47,TRUE
2009,Level 3,93607,All Industries,2427,479.8,TRUE
2014,Level 2,,Technology,3502,478.6,TRUE
2021,Level 2,51579,Technology,3683,372.43,TRUE
2021,Level 4,83810,Manufacturing,3527,99.46,TRUE
2004,Level 3,65308,Energy,4038,235.65,TRUE
2015,Level 3,22444,All Industries,3685,296.27,TRUE
2023,Level 4,27397,Technology,4965,371.68,FALSE
2013,Level 2,89977,Retail,1586,247.3,TRUE
2013,Level 1,65832,Manufacturing,4139,193.05,TRUE
2003,Level 2,5817,Manufacturing,3615,352.12,TRUE
2011,Level 4,34002,Manufacturing,869,47.06,TRUE
2003,Level 1,84539,Energy,3151,362.17,FALSE
2002,Level 3,93630,All Industries,676,420.41,TRUE
2002,Level 4,8129,Energy,3003,447.61,TRUE
2011,Level 1,65226,Retail,4650,176.44,TRUE
2014,Level 4,68963,Retail,4227,88.84,TRUE
2023,Level 3,94918,Energy,1797,301.21,TRUE
2008,Level 2,18472,Retail,500,198.19,TRUE
2022,Level 1,53892,Technology,4880,130.77,TRUE
2009,Level 2,35587,Energy,3351,375.88,TRUE
2017,Level 4,30687,Services,569,190.17,TRUE
2017,Level 2,82532,Manufacturing,4695,378.66,TRUE
2021,Level 3,8876,Retail,3960,335.85,FALSE
2020,Level 4,14238,Retail,4063,81.53,FALSE
2019,Level 4,43238,All Industries,3148,421.8,TRUE
2020,Level 4,46276,Manufacturing,4388,39.57,TRUE
2003,Level 1,68278,Energy,4059,258.03,TRUE
2000,Level 2,37568,Energy,4020,417.95,FALSE
2018,Level 2,97238,All Industries,2187,392.85,FALSE
2019,Level 3,74837,Manufacturing,3046,36.41,FALSE
2003,Level 3,40968,All Industries,3433,263.48,TRUE
2004,Level 1,4406,Energy,1384,322.65,FALSE
2004,Level 3,52577,Services,4489,492.76,TRUE
2012,Level 3,75664,Manufacturing,4864,371.45,TRUE
2009,Level 2,54493,Energy,478,101.56,TRUE
2001,Level 4,96598,Manufacturing,778,498.94,FALSE
2003,Level 1,91118,Energy,4107,65.31,TRUE
2014,Level 4,77856,All Industries,1070,21.13,FALSE
2014,Level 4,33940,Retail,4380,390.26,FALSE
2006,Level 1,46660,Manufacturing,3999,48.66,FALSE
2000,Level 2,96580,All Industries,4021,276.63,FALSE
2002,Level 3,23308,Manufacturing,1789,429.13,FALSE
2009,Level 1,85550,Energy,165,220.91,TRUE
2010,Level 2,87752,Energy,930,301,TRUE
2022,Level 1,73554,Services,4014,10.65,TRUE
2017,Level 4,14493,Manufacturing,4533,283.04,TRUE
2016,Level 1,50092,Retail,2337,436.25,TRUE
2018,Level 4,11388,Retail,932,229.96,TRUE
2014,Level 1,63052,Services,1682,420.97,FALSE
2019,Level 1,72580,Services,2859,10.41,TRUE
2015,Level 2,52488,Technology,1460,399.55,TRUE
2014,Level 2,5638,Energy,1588,50.59,FALSE
2007,Level 1,23635,Manufacturing,4651,122.76,FALSE
2025,Level 4,55189,Retail,502,193.33,FALSE
2017,Level 1,48018,All Industries,596,449.23,FALSE
2023,Level 1,96596,All Industries,979,480.72,FALSE
2008,Level 4,69239,Manufacturing,324,401.21,TRUE
2016,Level 2,27882,Energy,1801,39.2,FALSE
2017,Level 3,86921,Energy,62,324.07,FALSE
2011,Level 3,67870,Technology,1036,54.61,TRUE
2020,Level 2,86476,All Industries,2276,125.39,TRUE
2025,Level 4,80236,Energy,1647,340.98,TRUE
2011,Level 4,27944,Energy,2908,231.97,TRUE
2017,Level 4,99220,Technology,2398,38.42,FALSE
2014,Level 1,82024,Technology,2941,223.82,FALSE
2013,Level 1,89070,Energy,471,299.45,TRUE
2005,Level 1,20813,Services,1364,246.27,TRUE
2000,Level 4,80100,Energy,1251,316.8,FALSE
2012,Level 1,54228,Manufacturing,2402,126.53,TRUE
2002,Level 4,97893,Energy,1805,340.86,FALSE
2015,Level 4,19921,Energy,12,407.49,TRUE
2015,Level 3,66773,Technology,1287,128.66,TRUE
2004,Level 3,34488,Energy,3879,433.27,TRUE
2025,Level 4,59235,Technology,3531,248.59,TRUE
2007,Level 2,12653,All Industries,3123,224.42,FALSE
2023,Level 2,33661,Energy,2197,252.19,TRUE
2024,Level 2,17835,Manufacturing,1269,423.01,TRUE
2020,Level 3,73590,Energy,888,69.61,TRUE
2015,Level 4,71611,Technology,1006,357.37,TRUE
2021,Level 2,21684,Services,2116,147.41,FALSE
2008,Level 1,61733,Technology,427,273.03,TRUE
2001,Level 3,53791,Retail,281,305.84,FALSE
2016,Level 1,57547,Manufacturing,732,436.96,FALSE
2024,Level 1,70748,Manufacturing,1317,321.78,FALSE
2012,Level 2,72542,Retail,799,400.24,FALSE
2008,Level 2,38978,All Industries,441,192.24,FALSE
2021,Level 4,,Manufacturing,1970,172.53,TRUE
2007,Level 4,93548,All Industries,1326,333.38,FALSE
2012,Level 3,14212,Technology,839,322.59,FALSE
2009,Level 4,,Services,2173,437.78,FALSE
2015,Level 1,28014,Manufacturing,3102,274.32,FALSE
2018,Level 2,7396,Energy,986,260.34,TRUE
2024,Level 4,,Technology,2978,308.77,TRUE
2009,Level 3,25288,Energy,4065,17,TRUE
2003,Level 3,34710,Energy,1002,34.99,FALSE
2011,Level 3,71284,Technology,2342,350.81,FALSE
2025,Level 3,27937,Retail,1710,183.04,TRUE
2016,Level 3,78067,All Industries,3826,480.26,TRUE
2012,Level 2,87742,Energy,2903,279.15,TRUE
2007,Level 4,53129,Technology,3491,489.44,TRUE
2025,Level 3,17519,Retail,4918,326.91,FALSE
2004,Level 2,38640,Retail,2635,418.26,TRUE
2023,Level 3,47742,Retail,1083,233.9,FALSE
2008,Level 1,67863,Retail,289,240.91,FALSE
2010,Level 4,33463,All Industries,199,493.56,FALSE
2009,Level 1,75269,Energy,2074,131.94,FALSE
2006,Level 3,88674,Services,2721,78.9,TRUE
2001,Level 4,72332,All Industries,3673,37.13,TRUE
2008,Level 4,27861,Manufacturing,1611,352.97,TRUE
2009,Level 4,3681,Manufacturing,4208,27.48,FALSE
2016,Level 3,26197,Services,1188,470.8,TRUE
2014,Level 2,62539,Retail,4055,211.13,TRUE
2020,Level 4,82295,Energy,4822,485.12,FALSE
2025,Level 1,92738,Services,1842,63.07,TRUE
2018,Level 4,77663,All Industries,2523,266.68,TRUE
2009,Level 3,74478,Retail,4379,334.89,FALSE
2010,Level 4,78721,Services,3886,107.46,TRUE
2018,Level 3,19148,Manufacturing,62,273.54,TRUE
2006,Level 2,5675,Services,4193,321.66,FALSE
2002,Level 1,92283,Retail,853,211.64,FALSE
2009,Level 2,,Retail,146,141.43,FALSE
2020,Level 4,44023,Services,1681,410.08,TRUE
2000,Level 4,79332,Technology,1125,340.53,FALSE
2024,Level 4,54371,Retail,720,74.93,FALSE
2009,Level 4,34009,Energy,2960,15.61,TRUE
2024,Level 2,63832,Manufacturing,2973,171,FALSE
2022,Level 3,88838,Services,1030,203.95,FALSE
2000,Level 1,19884,Services,2138,419.61,TRUE
2019,Level 1,52343,Services,4892,420.58,FALSE
2019,Level 1,68162,Energy,3189,278.87,TRUE
2009,Level 1,89289,Technology,3973,365.43,TRUE
2013,Level 2,85646,Retail,950,113.16,TRUE
2005,Level 4,50614,Services,249,122.31,TRUE
2007,Level 1,57637,Technology,3464,486.37,TRUE
2004,Level 2,18936,Services,3688,460.7,TRUE
2008,Level 3,35105,Retail,1258,166.37,FALSE
2003,Level 1,64511,Energy,3688,227.58,TRUE
2005,Level 1,14276,Retail,1739,302.27,TRUE
2018,Level 1,,Services,3790,130.49,TRUE
2006,Level 1,29628,Services,688,467.05,TRUE
2002,Level 4,99230,Manufacturing,208,164.43,FALSE
2023,Level 2,53546,Technology,1460,187.34,TRUE
2019,Level 2,2691,All Industries,3341,26.39,FALSE
2019,Level 1,80153,Energy,3054,325.73,TRUE
2017,Level 3,75144,Manufacturing,843,321.94,FALSE
2005,Level 2,39118,All Industries,2746,179.28,TRUE
2016,Level 2,51485,Energy,1272,204.9,FALSE
2010,Level 4,59298,All Industries,1896,370.81,TRUE
2024,Level 3,13900,Services,4366,473.02,FALSE
2019,Level 4,10228,Manufacturing,937,226.77,FALSE
2008,Level 1,,All Industries,1160,56.19,FALSE
2019,Level 4,3643,Energy,4647,472.02,FALSE
2007,Level 4,56511,Manufacturing,2188,21.35,FALSE
2007,Level 2,27571,Services,837,165.24,TRUE
2022,Level 3,34006,Technology,2798,362.97,FALSE
2010,Level 4,59206,Energy,2473,368.78,TRUE
2013,Level 3,26520,Energy,324,255.4,TRUE
2014,Level 4,10289,All Industries,610,499.31,FALSE
2022,Level 1,20186,Services,1765,468.09,FALSE
2010,Level 2,76192,Manufacturing,1469,318.76,TRUE
2017,Level 3,61767,Retail,2965,53.77,FALSE
2023,Level 2,93957,All Industries,2376,336.89,FALSE
2006,Level 4,49170,Retail,2142,339.9,FALSE
2002,Level 3,89024,Retail,2692,383.17,TRUE
2007,Level 1,41110,Manufacturing,1837,486.88,TRUE
2024,Level 4,87725,Services,2463,194.98,TRUE
2014,Level 2,68234,Manufacturing,1185,285.91,FALSE
2017,Level 1,45315,Technology,4573,470.66,FALSE
2020,Level 4,,All Industries,2051,476.51,FALSE
2024,Level 4,45984,All Industries,1850,375.7,FALSE
2019,Level 3,6647,Services,207,397.68,FALSE
2008,Level 2,,Retail,34,29.86,TRUE
2011,Level 2,63682,Energy,4044,229.67,FALSE
2013,Level 2,7915,Retail,1142,2.81,TRUE
2004,Level 4,4016,Services,4451,198.76,FALSE
2014,Level 3,22696,All Industries,4686,171.77,TRUE
2008,Level 2,71981,Energy,1012,252.15,TRUE
2022,Level 4,1570,Retail,616,429.99,FALSE
2023,Level 1,62264,Retail,1161,264.05,FALSE
2023,Level 2,67121,Energy,2224,76.12,TRUE
2004,Level 1,22222,Technology,3762,147.76,FALSE
2011,Level 3,86287,Technology,3331,345.92,TRUE
2011,Level 2,71552,All Industries,4446,372.1,FALSE
2014,Level 2,90815,All Industries,4405,279.12,FALSE
2011,Level 4,34209,Technology,4624,491.9,FALSE
2012,Level 1,38324,Services,3407,155.36,FALSE
2021,Level 2,23203,Retail,204,267.93,FALSE
2016,Level 4,36714,Services,4069,262.89,TRUE
2012,Level 4,90141,Retail,2960,142.39,FALSE
2025,Level 4,46302,Manufacturing,4038,54.39,FALSE
2022,Level 3,87531,Technology,3478,285.33,TRUE
2000,Level 4,93580,Retail,313,385.86,FALSE
2010,Level 4,10162,Manufacturing,2862,482.86,FALSE
2002,Level 3,48317,Energy,2028,489.23,TRUE
2015,Level 2,86903,Retail,1785,243.96,FALSE
2001,Level 2,72203,All Industries,619,235.68,TRUE
2017,Level 3,71589,All Industries,1908,178.09,FALSE
2010,Level 4,26998,Manufacturing,3579,155.14,FALSE
2015,Level 3,71362,All Industries,1400,206.56,TRUE
2017,Level 2,94249,Services,859,179.91,FALSE
2019,Level 2,1225,Manufacturing,213,266.67,TRUE
2009,Level 3,14376,Manufacturing,4699,145.39,FALSE
2014,Level 4,65675,Energy,879,454.11,FALSE
2024,Level 3,66712,Energy,4915,440.28,TRUE
2020,Level 3,13949,Services,2788,301.31,FALSE
2013,Level 3,50829,All Industries,2044,227.14,TRUE
2001,Level 1,59874,Energy,4258,8.95,TRUE
2021,Level 4,33768,Technology,3292,37.73,TRUE
2013,Level 3,47802,All Industries,4352,169.36,FALSE
2006,Level 3,41530,Manufacturing,4142,379,FALSE
2025,Level 2,79253,Services,4476,229.23,FALSE
2012,Level 4,13145,All Industries,937,384.13,FALSE
2020,Level 3,2253,All Industries,1455,296.99,FALSE
2008,Level 3,55731,Services,595,426.17,TRUE
2018,Level 2,47170,All Industries,3453,244.73,TRUE
2004,Level 3,22983,Retail,2249,316.18,FALSE
2000,Level 3,53792,Energy,3051,449.83,FALSE
2012,Level 3,64216,Technology,2391,495.38,FALSE
2018,Level 2,65493,Services,1052,367.99,FALSE
2012,Level 3,86765,Retail,857,244.8,FALSE
2005,Level 1,37963,Retail,1725,186.3,FALSE
2023,Level 1,2725,Energy,4902,366.05,TRUE
2024,Level 3,,Technology,4334,362.11,FALSE
2011,Level 2,53928,Manufacturing,3969,213.52,TRUE
2005,Level 3,5258,Retail,4353,123.57,TRUE
2020,Level 4,70798,Retail,871,468.86,TRUE
2013,Level 2,35377,Energy,2912,304,FALSE
2000,Level 2,1507,Retail,1498,26.48,TRUE
2001,Level 4,34054,Energy,4949,170.53,FALSE
2025,Level 3,4132,Retail,4101,89.62,TRUE
2019,Level 1,10274,All Industries,3204,183.95,FALSE
2013,Level 3,13079,Services,1089,245.28,TRUE
2007,Level 3,19153,Technology,293,30.45,TRUE
2009,Level 4,89180,Retail,4785,262.61,TRUE
2015,Level 1,81981,Technology,787,101.44,TRUE
2020,Level 3,74941,Technology,4399,312.76,FALSE
2008,Level 2,43566,Services,2211,239.38,TRUE
2001,Level 2,33677,Retail,3313,30.21,TRUE
2001,Level 2,8645,Retail,3920,434.89,FALSE
2018,Level 3,65854,Manufacturing,4398,423.84,FALSE
2005,Level 3,91488,Retail,4133,334.9,TRUE
2016,Level 4,13969,All Industries,4338,437.01,TRUE
2021,Level 3,90494,Technology,4475,182.35,FALSE
2023,Level 2,22886,Retail,900,348.93,TRUE
2009,Level 3,98425,Energy,1052,437.49,TRUE
2004,Level 1,40849,Energy,2395,351.53,FALSE
2009,Level 4,3420,Energy,4103,244.91,TRUE
2019,Level 3,9309,Technology,3530,157.51,TRUE
2006,Level 3,92186,Energy,2154,27.96,FALSE
2003,Level 3,32373,Retail,670,389.46,FALSE
2024,Level 4,94435,All Industries,1895,47.56,FALSE
2016,Level 2,87252,Services,3435,277.59,FALSE
2009,Level 4,10207,Retail,989,334.84,TRUE
2024,Level 4,76838,Retail,2784,147.09,FALSE
2019,Level 3,40585,All Industries,4391,230.79,TRUE
2003,Level 2,10246,Retail,1520,473.34,FALSE
2024,Level 3,25101,Services,1587,51.82,TRUE
2011,Level 1,33866,Manufacturing,1494,354.14,FALSE
2010,Level 3,11804,Energy,2892,132.58,FALSE
2015,Level 2,,Technology,2689,147.82,TRUE
2002,Level 3,13468,Technology,4873,41.24,TRUE
2006,Level 3,51171,Manufacturing,4602,251.97,TRUE
2005,Level 3,18698,Energy,3511,318.06,TRUE
2001,Level 1,70983,Services,2155,352.38,FALSE
2005,Level 1,21319,All Industries,2982,330.02,FALSE
2005,Level 3,18559,Services,3735,237.88,TRUE
2011,Level 1,84033,Manufacturing,4791,320.45,FALSE
2009,Level 3,96905,Services,4792,414.61,FALSE
2002,Level 3,49164,Energy,1632,83.19,FALSE
2023,Level 3,23423,Technology,2709,198.42,TRUE
2007,Level 2,75078,Energy,2799,169.38,TRUE
2009,Level 1,67261,Manufacturing,2814,375.23,TRUE
2021,Level 2,97431,Manufacturing,2408,299.2,TRUE
2004,Level 4,72273,Technology,70,382.43,FALSE
2005,Level 4,78972,Manufacturing,2561,66.09,FALSE
2001,Level 1,14042,All Industries,2384,422.82,TRUE
2023,Level 1,68073,Retail,218,393.42,FALSE
2025,Level 2,83650,Retail,2552,148.8,FALSE
2024,Level 1,66412,Retail,189,358.13,FALSE
2008,Level 3,17058,Services,2255,165.21,FALSE
2011,Level 2,70554,Manufacturing,1196,454.34,TRUE
2019,Level 3,80489,Technology,460,314.33,TRUE
2006,Level 2,93316,Retail,1607,360.26,FALSE
2011,Level 3,27378,Technology,2493,252.06,FALSE
2016,Level 3,65827,Energy,3828,415.06,TRUE
2004,Level 3,48259,Energy,608,198.56,TRUE
2005,Level 1,2889,Technology,1690,373.89,FALSE
2018,Level 3,90978,All Industries,4836,70.6,FALSE
2024,Level 3,65033,Manufacturing,996,399.24,FALSE
2002,Level 1,35305,Energy,1580,234.13,TRUE
2024,Level 1,91961,Energy,4176,23.17,FALSE
2010,Level 2,44218,All Industries,1023,315.97,FALSE
2013,Level 3,12623,Technology,4465,45.56,FALSE
2002,Level 4,82831,Energy,2769,398.53,FALSE
2004,Level 2,60232,All Industries,4169,144.29,FALSE
2005,Level 4,40822,Manufacturing,3684,118.9,FALSE
2008,Level 4,42600,Manufacturing,2504,478.98,FALSE
2015,Level 3,3984,Technology,4065,100.57,FALSE
2019,Level 1,10557,Services,2545,218.56,TRUE
2010,Level 3,81865,Retail,1112,295.33,TRUE
2016,Level 3,79881,Manufacturing,109,135.86,FALSE
2001,Level 2,49941,Manufacturing,3862,7.97,FALSE
2022,Level 1,64291,All Industries,3554,188.27,FALSE
2016,Level 3,25304,Services,2602,453.53,TRUE
2014,Level 4,84473,All Industries,1386,421.31,TRUE
2011,Level 3,59953,Energy,491,334.85,TRUE
2005,Level 4,52262,Energy,3453,439.88,TRUE
2002,Level 2,84238,Retail,217,268.76,FALSE
2021,Level 4,97141,Retail,3630,474,TRUE
2024,Level 3,93983,All Industries,799,165.5,TRUE
2023,Level 2,17030,All Industries,1087,2.71,FALSE
2008,Level 2,82398,Services,2161,54.26,FALSE
2007,Level 1,17200,Technology,1439,162.03,TRUE
2009,Level 3,97236,Retail,1357,395.66,FALSE
2011,Level 2,31659,All Industries,1497,407.06,TRUE
2007,Level 4,6098,Services,4221,240.58,TRUE
2006,Level 3,27565,Services,3098,196.27,FALSE
2022,Level 2,85764,Services,517,392.42,TRUE
2008,Level 3,85922,Services,2891,331.45,FALSE
2023,Level 2,83955,Technology,1619,363.33,FALSE
2013,Level 4,,Energy,3507,53.14,TRUE
2016,Level 2,19606,Technology,4978,180.91,FALSE
2025,Level 3,,Retail,4323,284.04,FALSE
2015,Level 4,84116,Energy,3401,61.87,TRUE
2010,Level 1,98237,All Industries,1661,280.36,FALSE
2005,Level 1,38243,All Industries,3417,145.08,FALSE
2012,Level 4,90083,Retail,4775,476.07,TRUE
2017,Level 2,18491,Services,3234,431.19,FALSE
2017,Level 1,65030,All Industries,3158,308.81,FALSE
2020,Level 4,9040,Energy,2199,109.89,FALSE
2025,Level 2,83610,Energy,3480,342.58,FALSE
2017,Level 4,66010,Services,2247,411.74,FALSE
2014,Level 1,51381,Technology,1157,57.93,TRUE
2008,Level 2,60734,Services,2580,11.09,FALSE
2018,Level 3,84321,All Industries,794,62.05,TRUE
2025,Level 2,18284,All Industries,4003,107.8,TRUE
2007,Level 2,45818,Technology,3527,158.17,FALSE
2022,Level 4,6011,Services,2141,241.87,FALSE
2013,Level 4,50084,Technology,2308,488.5,TRUE
2005,Level 1,4136,Services,915,246.83,FALSE
2001,Level 1,29418,Manufacturing,931,489.8,TRUE
2014,Level 3,10068,Services,4692,377.27,TRUE
2018,Level 4,32588,All Industries,4630,31.41,FALSE
2002,Level 4,75250,Manufacturing,4519,452.93,TRUE
2013,Level 1,51013,Technology,1227,24.12,TRUE
2000,Level 3,83658,Energy,3748,236.95,FALSE
2012,Level 3,16118,Retail,1836,56.75,TRUE
2011,Level 3,30320,Manufacturing,1322,72.18,TRUE
2021,Level 2,6338,Manufacturing,499,446.86,FALSE
2023,Level 1,36817,Technology,3709,208.32,TRUE
2007,Level 3,74862,Services,4726,6.08,FALSE
2008,Level 4,4248,Energy,3249,59.55,FALSE
2002,Level 4,58880,Services,2012,30.15,FALSE
2018,Level 1,66409,Services,1740,73.77,FALSE
2007,Level 3,5833,Services,1875,155.97,TRUE
2025,Level 4,79211,Manufacturing,3321,277.5,FALSE
2015,Level 3,34787,All Industries,3758,19.04,TRUE
2006,Level 3,37808,Energy,2132,402.95,TRUE
2002,Level 4,7749,Services,1331,445.87,FALSE
2015,Level 1,94684,Services,3384,375.89,FALSE
2004,Level 3,77153,Services,2402,389.37,FALSE
2025,Level 2,53866,All Industries,2000,149.85,TRUE
2012,Level 2,73972,Technology,2603,370.67,TRUE
2014,Level 1,10819,Services,2665,94.03,FALSE
2023,Level 3,42931,Technology,1266,227.49,TRUE
2011,Level 2,94634,All Industries,2104,383.59,FALSE
2020,Level 4,93180,Services,248,330.19,FALSE
2018,Level 1,30803,Energy,1066,40.88,TRUE
2004,Level 2,23750,Retail,1917,431.86,TRUE
2005,Level 2,88625,Services,231,363.49,FALSE
2010,Level 3,63937,Technology,1778,335.57,FALSE
2007,Level 2,10744,Energy,2069,438.43,TRUE
2025,Level 3,79776,Energy,1448,368.25,FALSE
2025,Level 2,5949,Services,723,498.54,FALSE
2018,Level 3,1037,All Industries,2949,342.15,FALSE
2023,Level 1,97305,Energy,3025,411.89,TRUE
2008,Level 4,38063,Services,1208,355.58,TRUE
2002,Level 1,60105,All Industries,1958,190.69,TRUE
2013,Level 4,67330,Retail,3139,122.11,FALSE
2000,Level 2,18954,Manufacturing,4042,224.56,FALSE
2012,Level 1,29288,Manufacturing,1661,5.63,TRUE
2000,Level 3,58990,Technology,2475,335.08,FALSE
2024,Level 2,60427,Technology,4214,41.23,TRUE
2008,Level 2,39456,Energy,3936,359.62,FALSE
2010,Level 2,60613,Energy,3591,65.07,TRUE
2018,Level 2,33591,All Industries,3851,181.49,FALSE
2020,Level 4,10464,Technology,4216,368.1,FALSE
2023,Level 1,15559,Retail,4900,243.1,TRUE
2005,Level 3,53880,Manufacturing,190,457.57,FALSE
2002,Level 4,5208,All Industries,268,483.27,TRUE
2000,Level 2,72436,Manufacturing,317,243.87,TRUE
2000,Level 2,99305,Manufacturing,2189,178.77,TRUE
2022,Level 3,97773,Retail,1144,234.91,FALSE
2019,Level 3,19142,Technology,4967,392.38,FALSE
2021,Level 4,74523,Technology,1013,474.51,TRUE
2015,Level 4,46199,Manufacturing,720,348.83,FALSE
2013,Level 4,60037,Technology,414,229.73,FALSE
2020,Level 3,63197,Energy,1332,306.27,TRUE
2023,Level 2,20228,Technology,3077,440.87,TRUE
2021,Level 1,26843,Services,3690,475.33,TRUE
2016,Level 2,89118,Retail,3891,170.92,TRUE
2018,Level 4,53646,All Industries,4818,363.59,TRUE
2013,Level 3,67871,Energy,4919,408.45,FALSE
2015,Level 4,81621,All Industries,2065,294.71,FALSE
2018,Level 1,77163,Manufacturing,704,274.17,FALSE
2010,Level 2,29985,Technology,4963,91.9,TRUE
2011,Level 1,90112,Manufacturing,3057,321.48,FALSE
2002,Level 4,18570,Retail,2613,57.31,TRUE
2011,Level 3,55006,Retail,1896,165.41,TRUE
2019,Level 1,60372,Manufacturing,3924,464.18,TRUE
2023,Level 4,28774,Retail,4277,494.66,TRUE
2019,Level 3,48395,Technology,4961,120.55,FALSE
2007,Level 4,64556,Manufacturing,1677,84.94,TRUE
2020,Level 3,6090,Energy,3626,184.89,FALSE
2022,Level 3,4397,Manufacturing,1408,434.01,TRUE
2019,Level 3,3603,Technology,4795,2.19,FALSE
2007,Level 2,87216,Technology,1776,337.73,FALSE
2009,Level 3,80438,Manufacturing,4712,148.06,FALSE
2008,Level 4,55747,Retail,1688,106.88,TRUE
2024,Level 2,3350,Services,1553,417.44,TRUE
2009,Level 3,87991,All Industries,2688,59.7,TRUE
2017,Level 4,30814,All Industries,602,222.75,FALSE
2019,Level 3,76224,Energy,3334,409.83,TRUE
2019,Level 4,7112,Retail,4886,247.9,FALSE
2016,Level 1,39530,Technology,4652,434.86,FALSE
2011,Level 3,52308,Services,1998,494.62,TRUE
2005,Level 1,25948,Energy,4320,171.98,FALSE
2006,Level 4,35738,Manufacturing,1891,458.63,FALSE
2025,Level 2,2689,All Industries,3105,317.18,TRUE
2025,Level 1,80452,Services,1254,408.31,FALSE
2014,Level 1,87794,All Industries,4785,491.12,FALSE
2000,Level 1,97501,Retail,887,452.15,FALSE
2014,Level 3,93902,Manufacturing,2283,252.92,TRUE
2014,Level 4,24932,Energy,1302,342.83,TRUE
2006,Level 4,48958,Retail,592,75.11,FALSE
2020,Level 4,99250,Energy,3458,118.7,FALSE
2013,Level 2,89214,All Industries,2753,475.44,FALSE
2020,Level 3,77563,Energy,2105,16.64,FALSE
2025,Level 1,98113,Technology,1193,30.69,FALSE
2012,Level 4,95110,All Industries,2392,433.64,TRUE
2015,Level 3,70528,All Industries,17,36.26,TRUE
2015,Level 3,31767,Technology,4648,221.79,FALSE
2000,Level 1,41426,All Industries,2272,106.12,FALSE
2004,Level 4,43291,Retail,4205,35.49,FALSE
2025,Level 2,28631,Energy,4415,25.14,FALSE
2014,Level 3,28808,Manufacturing,3827,435.3,TRUE
2000,Level 1,44508,Technology,4292,372.74,TRUE
2016,Level 1,81679,Retail,987,129.04,FALSE
2002,Level 3,11368,All Industries,2830,113.83,FALSE
2016,Level 3,38955,Energy,3005,244.94,FALSE
2006,Level 1,58682,Technology,4761,234.15,TRUE
2009,Level 2,72258,Services,2415,299.93,TRUE
2003,Level 2,7329,All Industries,975,287.04,TRUE
2012,Level 2,94717,Retail,1400,252.9,FALSE
2002,Level 1,23307,Technology,1093,481.71,TRUE
2004,Level 3,92455,Energy,1911,279.02,TRUE
2004,Level 2,67273,Technology,32,438.71,FALSE
2009,Level 2,28173,Energy,1306,220.76,FALSE
2010,Level 2,,Technology,2828,202.95,TRUE
2000,Level 4,44707,Energy,1745,189.67,FALSE
2017,Level 2,34790,Technology,4455,276.62,FALSE
2017,Level 2,29463,Technology,3565,207.44,TRUE
2010,Level 4,39067,Retail,2175,470.54,FALSE
2022,Level 3,23078,Energy,4948,443.73,TRUE
2010,Level 3,45165,Retail,4866,290.63,TRUE
2009,Level 1,65953,Energy,1413,204.86,TRUE
2016,Level 3,73044,All Industries,2601,453.6,TRUE
2011,Level 3,53269,Services,3310,369.11,TRUE
2017,Level 3,97136,All Industries,1504,298.19,TRUE
2002,Level 4,34246,Retail,4229,198.42,FALSE
2004,Level 2,73600,Technology,4649,235.73,TRUE
2007,Level 4,4050,Services,539,52.22,TRUE
2005,Level 2,24698,Energy,3153,55.4,TRUE
2003,Level 4,50644,Technology,1385,303.94,FALSE
2003,Level 2,90099,Technology,1533,296.04,FALSE
2010,Level 2,89839,All Industries,3615,428.41,TRUE
2017,Level 3,20032,Retail,4362,241.46,TRUE
2025,Level 2,49352,Services,3707,46.78,FALSE
2012,Level 1,53387,Retail,1438,110.52,FALSE
2016,Level 2,1178,Manufacturing,3274,190.42,TRUE
2014,Level 3,6264,Services,4115,260.27,FALSE
2003,Level 3,93924,Energy,1375,408.86,TRUE
2010,Level 4,53216,Manufacturing,2012,28.23,TRUE
2018,Level 1,75169,All Industries,1608,371.38,TRUE
2011,Level 3,26918,Retail,2481,324.44,FALSE
2001,Level 3,92388,Retail,4292,227.74,FALSE
2000,Level 2,97580,Services,1706,163.99,FALSE
2003,Level 4,45332,Retail,2363,407.24,TRUE
2006,Level 2,55087,Technology,43,438.1,FALSE
2009,Level 2,70982,Services,4435,246.52,FALSE
2025,Level 4,63045,Manufacturing,3313,170.06,TRUE
2013,Level 2,50763,Services,4566,427.82,TRUE
2020,Level 3,96903,Services,4186,313.18,FALSE
2006,Level 3,93444,Energy,2458,338.7,FALSE
2011,Level 4,31995,Retail,1472,307.16,TRUE
2006,Level 4,97062,Manufacturing,368,179.17,FALSE
2009,Level 2,71952,Retail,2765,64.83,FALSE
2023,Level 3,,All Industries,1874,397.11,TRUE
2004,Level 1,82335,Services,4641,460.47,TRUE
2000,Level 3,45748,All Industries,4215,207.13,TRUE
2001,Level 3,2893,Retail,1527,124.74,TRUE
2022,Level 1,42821,Technology,4544,277.87,TRUE
2000,Level 2,11262,Services,4539,20.07,FALSE
2002,Level 1,94308,Services,4291,117.16,TRUE
2003,Level 2,21680,All Industries,4644,185.43,TRUE
2009,Level 4,36244,Services,424,109.92,FALSE
2022,Level 2,52352,Services,709,261.11,FALSE
2014,Level 4,44813,All Industries,1728,288.72,TRUE
2009,Level 2,15154,Services,2524,205.68,FALSE
2013,Level 4,53356,Services,2489,195.01,FALSE
2022,Level 1,15549,Energy,60,377.02,TRUE
2022,Level 4,60497,Energy,2516,148.02,FALSE
2005,Level 2,97708,Services,4406,342.39,FALSE
2012,Level 4,72626,Retail,4404,124.77,FALSE
2011,Level 2,98446,Retail,1273,218.95,TRUE
2009,Level 4,26206,Manufacturing,3918,417.89,FALSE
2019,Level 3,38284,Retail,1910,99.61,FALSE
2018,Level 2,61557,Manufacturing,3790,1.95,FALSE
2014,Level 1,27280,Technology,4075,265.63,TRUE
2020,Level 1,83130,All Industries,3623,380.77,FALSE
2008,Level 3,93022,Services,1467,38.77,FALSE
2000,Level 2,69325,Services,3459,319.5,TRUE
2015,Level 3,69227,Energy,4685,251.01,TRUE
2023,Level 4,95874,Energy,1407,187.77,TRUE
2010,Level 4,41950,Technology,4700,329.3,FALSE
2023,Level 2,31714,Services,3954,223.46,FALSE
2008,Level 3,46734,Manufacturing,4277,215.62,FALSE
2004,Level 1,96481,Retail,1238,154.58,TRUE
2007,Level 4,52106,All Industries,187,453.74,FALSE
2013,Level 2,91425,Energy,924,229.28,TRUE
2019,Level 2,36402,All Industries,482,422.05,FALSE
2009,Level 2,98100,All Industries,3951,147.83,FALSE
2014,Level 3,45957,Retail,2584,183.6,TRUE
2004,Level 3,44461,All Industries,716,332.8,FALSE
2006,Level 4,91687,All Industries,4013,202.51,FALSE
2008,Level 3,90018,Technology,390,415.71,FALSE
2006,Level 1,4745,Technology,2900,475.54,TRUE
2012,Level 1,71331,Manufacturing,4218,496.71,FALSE
2008,Level 4,10167,Manufacturing,943,137.65,TRUE
2008,Level 4,92137,All Industries,2150,404.82,TRUE
2003,Level 3,7303,Technology,4869,286.46,FALSE
2014,Level 3,47898,All Industries,3676,70.22,TRUE
2008,Level 4,13887,Services,4797,402.88,FALSE
2000,Level 2,81505,Services,2223,142.05,FALSE
2004,Level 1,51229,Manufacturing,303,359.97,TRUE
2009,Level 4,64902,Retail,3405,10.58,FALSE
2000,Level 1,82577,Manufacturing,1180,175.97,TRUE
2015,Level 2,17671,Manufacturing,1129,120.93,FALSE
2015,Level 3,89496,Retail,1762,138.38,FALSE
2012,Level 1,53141,Services,2305,401.69,FALSE
2003,Level 1,9687,Retail,4348,140.61,TRUE
2014,Level 3,31469,Technology,720,245.87,FALSE
2011,Level 1,58921,Services,2564,361.24,FALSE
2011,Level 4,57794,Manufacturing,1187,335.31,FALSE
2018,Level 3,22571,All Industries,373,370.26,TRUE
2018,Level 3,21287,Retail,3882,194.13,FALSE
2018,Level 3,15485,Retail,230,2.12,FALSE
2016,Level 1,51150,Energy,989,217.61,TRUE
2014,Level 2,56567,Retail,1163,315.75,FALSE
2023,Level 2,68621,Services,3739,454.25,FALSE
2021,Level 4,86067,All Industries,1554,452.96,TRUE
2015,Level 1,26346,Energy,697,301.99,TRUE
2018,Level 2,85105,All Industries,2036,121.89,FALSE
2019,Level 3,20585,Manufacturing,2537,218.21,TRUE
2000,Level 1,98593,Services,82,168.21,FALSE
2010,Level 4,4296,All Industries,3139,400.25,FALSE
2020,Level 3,71436,Services,1927,417.57,FALSE
2015,Level 2,90758,Retail,2656,40.66,TRUE
2008,Level 2,98666,Retail,3213,334.9,FALSE
2000,Level 4,33237,Services,3223,200.22,FALSE
2017,Level 1,93732,Retail,1635,127.46,FALSE
2014,Level 3,17866,Manufacturing,2723,317.85,FALSE
2024,Level 1,44247,Technology,4302,144.47,FALSE
2019,Level 2,66052,Technology,1645,253.31,FALSE
2021,Level 3,14559,Energy,4651,13.07,TRUE
2005,Level 1,16977,Retail,4134,322.67,FALSE
2002,Level 3,25385,Retail,3277,49.61,FALSE
2005,Level 1,35180,All Industries,1686,277.36,TRUE
2008,Level 2,91506,Technology,1430,265.1,FALSE
2008,Level 1,48179,Manufacturing,323,24.27,FALSE
2010,Level 2,69941,Services,3707,438.41,FALSE
2002,Level 4,15950,All Industries,2001,235.78,TRUE
2006,Level 2,12066,Manufacturing,296,248.02,TRUE
2014,Level 2,10769,Services,609,258.82,FALSE
2022,Level 2,75317,Manufacturing,3465,160.9,TRUE
2015,Level 4,11748,Retail,3681,135.4,TRUE
2002,Level 1,75299,All Industries,4294,291.48,FALSE
2020,Level 1,50047,Manufacturing,4317,213.95,FALSE
2002,Level 1,48732,Services,3222,118.46,FALSE
2014,Level 3,91655,Services,2368,93.3,FALSE
2000,Level 1,94974,Manufacturing,1102,392.4,FALSE
2014,Level 3,35863,Manufacturing,4884,372.21,FALSE
2009,Level 1,72254,All Industries,1793,176.41,FALSE
2006,Level 3,,Manufacturing,998,88.56,FALSE
2008,Level 4,82216,Services,2350,42.4,TRUE
2015,Level 2,,Manufacturing,3955,55.24,TRUE
2012,Level 4,36506,Manufacturing,1839,262.88,TRUE
2004,Level 4,36607,Energy,29,251.27,FALSE
2008,Level 1,,Services,3472,441.71,FALSE
2003,Level 2,,Services,4263,437.06,TRUE
2008,Level 4,83808,Retail,2694,376.27,FALSE
2024,Level 4,79740,Retail,4547,472.48,TRUE
2022,Level 4,48446,Technology,778,10.92,FALSE
2016,Level 3,95481,Energy,4278,76.06,TRUE
2008,Level 4,18725,Manufacturing,810,429.24,FALSE
2024,Level 3,23670,Technology,914,491.42,TRUE
2004,Level 1,47442,Energy,3442,466.46,TRUE
2006,Level 3,72062,Energy,2953,347.04,FALSE
2014,Level 2,64249,All Industries,3825,193.23,TRUE
2006,Level 1,9574,Services,284,145.38,TRUE
2009,Level 1,63594,Services,960,442.02,TRUE
2010,Level 4,71730,Energy,3792,79.61,FALSE
2009,Level 1,66899,Energy,1508,424.59,FALSE
2018,Level 3,28549,Technology,1748,430.23,TRUE
2016,Level 2,38591,Services,2416,371.32,FALSE
2003,Level 1,70697,All Industries,4685,238.27,FALSE
2003,Level 4,58540,Retail,298,439.8,FALSE
2008,Level 3,66230,Services,823,284.88,TRUE
2014,Level 4,55318,Services,1035,273.48,TRUE
2020,Level 3,77310,Technology,3760,376.3,TRUE
2000,Level 1,83072,All Industries,2515,188.92,FALSE
2000,Level 2,87521,Energy,4206,307.09,TRUE
2022,Level 3,39572,Energy,4210,482.84,FALSE
2020,Level 2,92313,Services,1064,2,FALSE
2004,Level 1,16401,Technology,3647,93.37,FALSE
2013,Level 1,61513,Technology,1991,494.01,FALSE
2021,Level 3,10389,Technology,4043,426.41,FALSE
2004,Level 1,94632,Energy,4160,325.27,TRUE
2022,Level 1,7512,Manufacturing,4264,425.5,TRUE
2004,Level 1,11821,Services,2211,317.67,TRUE
2017,Level 3,83388,Energy,4632,393.13,TRUE
2023,Level 3,92161,Technology,2721,290.08,TRUE
2000,Level 2,97934,All Industries,4073,98.81,TRUE
2013,Level 1,92692,Energy,2655,188.89,FALSE
2024,Level 3,30625,Retail,4530,56.98,TRUE
2024,Level 3,95719,Manufacturing,1796,127.44,FALSE
2008,Level 2,42075,Technology,327,295.96,FALSE
2020,Level 3,8257,Retail,2067,162.99,FALSE
2021,Level 4,31764,All Industries,950,193.18,FALSE
2001,Level 4,34802,Services,2878,174.78,FALSE
2003,Level 4,3186,Technology,2486,73.32,FALSE
2024,Level 3,9435,Services,4506,254.08,FALSE
2009,Level 2,9041,Retail,933,381.09,TRUE
2004,Level 3,55014,Manufacturing,2818,26.28,FALSE
2007,Level 4,,All Industries,2593,69.31,TRUE
2010,Level 1,78395,Retail,1643,60.68,FALSE
2025,Level 4,22199,All Industries,468,383.04,FALSE
2004,Level 3,86874,Retail,3403,173.15,FALSE
2005,Level 4,,Services,936,153.92,TRUE
2000,Level 2,87731,Retail,2662,294.84,FALSE
2021,Level 3,3594,Technology,2640,340.47,TRUE
2000,Level 1,65916,Retail,3159,193.99,TRUE
2010,Level 3,42381,All Industries,4552,476.17,FALSE
2010,Level 3,34698,Energy,2986,462.29,TRUE
2008,Level 4,23101,All Industries,1334,323.22,TRUE
2023,Level 2,57388,Technology,415,318.27,FALSE
2013,Level 4,11352,Services,1712,322.43,FALSE
2013,Level 4,99444,Technology,2634,332.64,TRUE
2009,Level 4,39414,Technology,2224,191.33,FALSE
2000,Level 4,95406,Energy,4737,256.92,FALSE
2021,Level 4,89655,Services,3916,277.27,TRUE
2005,Level 4,,Services,1183,408.75,TRUE
2010,Level 1,72035,Energy,908,262.86,FALSE
2003,Level 2,78123,Manufacturing,1378,459.98,TRUE
2014,Level 4,21204,Services,2782,27.11,TRUE
2015,Level 4,30875,Manufacturing,2073,187.48,TRUE
2010,Level 3,19244,All Industries,4844,159.92,FALSE
2002,Level 4,45661,Services,1303,105.53,FALSE
2009,Level 3,78031,Services,3749,87.44,FALSE
2001,Level 4,46900,Services,2412,394.91,TRUE
2006,Level 2,58056,All Industries,1970,291.93,FALSE
2014,Level 2,26258,Services,3097,477.24,TRUE
2009,Level 2,20110,Retail,2223,80.26,FALSE
2023,Level 1,97348,All Industries,456,443.49,FALSE
2019,Level 1,3238,All Industries,4724,441.74,FALSE
2016,Level 1,98809,All Industries,4392,196.27,TRUE
2000,Level 3,98439,Manufacturing,112,430.69,FALSE
2011,Level 3,50740,Energy,1058,140.92,TRUE
2013,Level 3,49609,Technology,126,396.78,TRUE
2010,Level 3,91074,Services,723,400.88,TRUE
2003,Level 1,23582,Energy,4076,128.83,TRUE
2017,Level 4,76837,Retail,1841,107.6,TRUE
2025,Level 2,18523,Technology,3969,216.47,TRUE
2000,Level 3,48468,Services,3527,477.98,TRUE
2019,Level 1,41880,Manufacturing,4875,333.8,FALSE
2003,Level 3,44651,All Industries,480,10.08,FALSE
2023,Level 3,17435,Services,4737,255.89,TRUE
2023,Level 2,62744,All Industries,4886,294.46,TRUE
2022,Level 3,32852,All Industries,3341,246.41,FALSE
2015,Level 3,45321,All Industries,608,29.85,FALSE
2014,Level 3,23662,Services,864,358.33,TRUE
2017,Level 2,1696,Retail,3154,466.67,TRUE
2004,Level 2,17050,Technology,952,53.64,FALSE
2024,Level 1,7053,Services,3705,301.55,FALSE
2001,Level 1,32860,Retail,3427,149.86,TRUE
2003,Level 1,14068,Services,820,67.33,TRUE
2025,Level 2,37082,Technology,842,263.63,FALSE
2007,Level 1,6510,Energy,3994,481.53,FALSE
2010,Level 1,24340,Energy,4718,397.44,TRUE
2017,Level 2,,Services,2430,364.3,FALSE
2011,Level 4,19402,Manufacturing,815,280.22,TRUE
2015,Level 2,69514,Energy,4888,374.74,TRUE
2003,Level 1,34912,Services,3356,499.08,FALSE
2000,Level 1,22769,All Industries,3804,209.71,FALSE
2006,Level 3,63913,Services,565,47.53,FALSE
2025,Level 2,79915,All Industries,2381,328.7,TRUE
2014,Level 1,31115,All Industries,968,165.85,TRUE
2006,Level 2,84713,Manufacturing,3983,264.49,TRUE
2019,Level 1,16004,All Industries,4436,19.19,TRUE
2016,Level 1,1277,Retail,919,368.31,TRUE
2009,Level 4,46613,Services,1817,145.95,TRUE
2003,Level 4,42401,Services,2231,31.94,TRUE
2007,Level 4,94975,Energy,4665,382.82,TRUE
2009,Level 1,16485,Energy,3913,142.42,TRUE
2001,Level 3,46664,Retail,4946,44.21,TRUE
2000,Level 4,57033,Energy,316,414.11,TRUE
2023,Level 2,79979,Technology,405,335.68,FALSE
2016,Level 2,29139,Energy,1721,378.84,TRUE
2006,Level 3,31472,Technology,4243,481.39,TRUE
2016,Level 3,47978,Technology,1594,434.14,FALSE
2012,Level 3,49649,All Industries,3675,22.07,FALSE
2025,Level 2,82158,Energy,4090,450.07,TRUE
2007,Level 4,81411,Energy,2048,145.68,TRUE
2023,Level 4,21045,Technology,2735,454.66,TRUE
2015,Level 4,67789,Manufacturing,862,240,FALSE
2011,Level 2,48456,Energy,1296,460.54,FALSE
2014,Level 3,99935,Technology,3708,266.59,TRUE
2017,Level 3,30799,Technology,4810,289.16,TRUE
2003,Level 2,20157,Energy,3967,471,TRUE
2006,Level 1,8164,All Industries,4333,128.94,FALSE
2023,Level 3,87698,Services,4096,216.76,FALSE
2005,Level 1,65591,All Industries,4929,41.91,TRUE
2020,Level 1,84144,All Industries,4351,260.01,FALSE
2002,Level 2,49464,Services,112,256.88,TRUE
2012,Level 3,70783,Technology,204,6.95,TRUE
2005,Level 3,80504,Retail,2473,16.46,FALSE
2019,Level 1,64534,Manufacturing,1542,345.12,FALSE
2010,Level 1,70068,Energy,1922,189.19,FALSE
2023,Level 2,33346,Energy,3997,16.16,FALSE
2022,Level 2,77200,Services,4802,205.88,FALSE
2018,Level 2,14063,Energy,2972,154.97,FALSE
2017,Level 3,96111,All Industries,1984,286.36,TRUE
2014,Level 1,78630,Retail,149,389.81,TRUE
2012,Level 3,77711,Technology,2498,215.71,FALSE
2012,Level 3,67388,Technology,2624,435.27,FALSE
2003,Level 4,39112,All Industries,922,85.62,FALSE
2019,Level 1,84210,Services,4175,380.63,FALSE
2001,Level 1,,Energy,2499,476.39,FALSE
2024,Level 3,90541,Technology,471,399.07,FALSE
2023,Level 3,14904,Manufacturing,1695,124.38,FALSE
2011,Level 1,76432,Technology,4953,361.09,FALSE
2005,Level 3,97799,Manufacturing,4301,178.18,FALSE
2005,Level 1,2029,Technology,4219,448.95,TRUE
2025,Level 1,95163,All Industries,4627,46.27,TRUE
2023,Level 2,53968,Retail,2217,412.12,FALSE
2009,Level 3,64194,All Industries,3749,401.01,TRUE
2015,Level 1,78595,Services,1544,495.76,FALSE
2003,Level 4,7405,Retail,4613,68.56,TRUE
2012,Level 4,69766,Manufacturing,643,347.23,FALSE
2025,Level 3,20656,Retail,704,491.36,TRUE
2016,Level 3,26923,Technology,1418,75.87,FALSE
2017,Level 3,47452,Energy,4250,22.87,TRUE
2008,Level 3,30775,Retail,2860,300.71,FALSE
2022,Level 2,5065,Technology,1006,313.74,FALSE
2003,Level 3,49893,Energy,3045,431.44,FALSE
2004,Level 2,15750,Energy,664,24.91,FALSE
2019,Level 4,34523,Energy,4182,129.7,TRUE
2017,Level 1,31387,All Industries,3782,136.75,TRUE
2020,Level 2,50224,Services,1691,433.95,TRUE
2015,Level 1,28511,Technology,1889,31.91,FALSE
2015,Level 4,75561,All Industries,529,15.8,FALSE
2014,Level 3,,All Industries,2407,292.71,FALSE
2021,Level 1,9166,Retail,4999,65.29,FALSE
2008,Level 1,32250,Manufacturing,4046,27.42,TRUE
2006,Level 4,90167,Retail,1722,482.75,TRUE
2009,Level 3,74406,Technology,1145,452.88,FALSE
2012,Level 2,7947,Energy,2803,488.51,FALSE
2003,Level 4,80214,Services,3191,253.18,TRUE
2021,Level 1,54155,All Industries,571,340.32,TRUE
2018,Level 4,95964,Retail,2255,233.1,FALSE
2018,Level 1,72942,All Industries,2495,258.55,TRUE
2017,Level 4,11866,Retail,2898,229.72,TRUE
2019,Level 1,8000,All Industries,3231,318.02,TRUE
2019,Level 4,37078,Energy,2254,208.95,FALSE
2022,Level 3,32105,Technology,3028,90.37,FALSE
2003,Level 1,21162,Services,1612,147.82,TRUE
2012,Level 2,93659,Technology,880,151.88,TRUE
2018,Level 3,80626,Manufacturing,292,395.87,TRUE
2017,Level 4,68067,Technology,714,98.97,FALSE
2022,Level 1,78995,Energy,1039,451.25,TRUE
2018,Level 4,48699,Manufacturing,4750,242.9,TRUE
2016,Level 3,12342,Services,2908,243.02,TRUE
2022,Level 4,46235,Services,3312,290.47,FALSE
2023,Level 3,43576,Energy,4326,385.13,FALSE
2017,Level 4,5689,All Industries,1044,36.22,TRUE
2020,Level 3,71264,Manufacturing,148,160.14,TRUE
2019,Level 1,99146,Retail,3855,402.41,TRUE
2006,Level 1,41500,Energy,4539,102.85,FALSE
2007,Level 1,17616,Services,2893,170.88,FALSE
2006,Level 2,22294,Energy,2733,117.92,TRUE
2015,Level 4,97479,All Industries,3978,455.77,FALSE
2011,Level 2,53056,Technology,1965,311.18,FALSE
2002,Level 4,22570,Services,1452,85.59,FALSE
2020,Level 3,50537,Technology,1238,416.64,TRUE
2001,Level 3,94454,Retail,242,136.74,FALSE
2004,Level 3,,Retail,1352,254.45,TRUE
2002,Level 1,33977,Energy,758,66.54,FALSE
2008,Level 3,97501,All Industries,2524,360.41,TRUE
2006,Level 4,61303,Technology,4382,470.53,TRUE
2003,Level 4,68015,Retail,2885,322.65,TRUE
2007,Level 2,12584,Technology,1053,474.52,FALSE
2009,Level 4,76204,All Industries,3816,72.97,FALSE
2024,Level 1,25407,Services,4184,111.92,FALSE
2012,Level 2,93638,Services,3860,493.65,TRUE
2024,Level 2,35848,Energy,3807,55.68,FALSE
2024,Level 3,74370,Services,727,94.23,TRUE
2010,Level 4,7063,Retail,981,198.06,TRUE
2018,Level 2,29859,All Industries,1530,47.08,FALSE
2005,Level 4,59574,Retail,2545,389.83,TRUE
2000,Level 1,51834,Technology,3282,305.51,TRUE
2022,Level 2,16712,Manufacturing,2985,472.68,FALSE
2010,Level 4,2459,Retail,3736,162.58,TRUE
2012,Level 4,55776,Retail,121,29.91,TRUE
2021,Level 1,97925,Services,2557,256.01,TRUE
2000,Level 3,65446,Manufacturing,4745,136.72,FALSE
2024,Level 4,14058,Manufacturing,2164,18.95,FALSE
2003,Level 3,4001,Energy,1961,273.41,FALSE
2002,Level 4,4108,Services,283,390.36,FALSE
2016,Level 4,7200,All Industries,4589,248.59,FALSE
2023,Level 3,66044,Services,3576,110.92,FALSE
2008,Level 3,86741,Manufacturing,3058,76.54,FALSE
2019,Level 3,32193,Services,87,28.68,TRUE
2019,Level 2,47933,All Industries,1110,309.12,FALSE
2007,Level 3,48910,All Industries,2120,340.78,TRUE
2019,Level 1,85922,All Industries,2476,164.04,FALSE
2005,Level 2,43938,All Industries,673,86.38,FALSE
2011,Level 2,25687,Technology,768,251.33,FALSE
2019,Level 3,27726,Retail,2317,138.34,FALSE
2006,Level 1,,Retail,3130,371.21,FALSE
2025,Level 4,43366,Technology,4453,347.49,FALSE
2017,Level 1,18199,Manufacturing,2960,245.73,TRUE
2019,Level 1,52952,Services,269,477.99,FALSE
2004,Level 4,54147,Services,2920,208.7,FALSE
2019,Level 1,76839,Retail,3644,60.24,TRUE
2015,Level 1,71048,Services,4365,74.06,TRUE
2008,Level 4,1503,Energy,4950,92.04,TRUE
2023,Level 4,69758,Energy,626,25.42,FALSE
2016,Level 4,23762,Technology,3597,138.07,FALSE
2015,Level 4,88872,Energy,4580,371.52,TRUE
2008,Level 2,52896,Manufacturing,3939,104,TRUE
2025,Level 1,30828,Retail,1573,153.67,FALSE
2019,Level 4,32568,Manufacturing,1897,302.47,TRUE
2007,Level 1,5672,Technology,1327,72.5,FALSE
2010,Level 4,7629,Manufacturing,3745,320.04,TRUE
2013,Level 2,,Technology,94,134.08,TRUE
2005,Level 4,22079,All Industries,1928,267.16,TRUE
2013,Level 1,12401,All Industries,680,60.22,FALSE
2011,Level 2,20245,All Industries,4892,20.39,TRUE
2021,Level 2,72859,Technology,3562,128.02,TRUE
2015,Level 2,90636,Retail,704,223.41,TRUE
2008,Level 2,11884,Retail,1655,338.46,FALSE
2005,Level 3,8143,Energy,753,402.5,FALSE
2024,Level 2,98419,Services,3974,209.65,FALSE
2000,Level 4,75053,Energy,3019,379.42,FALSE
2020,Level 1,13898,Technology,4205,330.28,TRUE
2022,Level 4,45167,Manufacturing,308,46.3,FALSE
2001,Level 2,67395,Services,2131,179.25,FALSE
2002,Level 4,72205,Energy,4372,382.02,TRUE
2010,Level 3,2861,Technology,556,340.59,FALSE
2025,Level 4,29336,Retail,102,432.47,FALSE
2014,Level 3,26841,Energy,3549,91.52,FALSE
2000,Level 3,46165,Services,1618,178.6,TRUE
2007,Level 3,42493,Retail,2523,314.94,FALSE
2013,Level 1,40575,All Industries,1390,197.38,TRUE
2019,Level 4,,Energy,1035,399.98,TRUE
2025,Level 4,30610,Manufacturing,907,51.48,TRUE
2023,Level 1,70545,Retail,4192,90.47,FALSE
2015,Level 2,20916,Energy,1855,262.24,TRUE
2013,Level 1,53388,Energy,2010,357.4,FALSE
2018,Level 3,20099,Retail,319,267.29,FALSE
2001,Level 4,90126,Services,4368,278.94,FALSE
2025,Level 1,74532,Retail,1844,376.24,TRUE
2016,Level 3,4605,All Industries,1658,463.36,TRUE
2003,Level 3,62142,Energy,3548,497.26,FALSE
2023,Level 4,12951,Technology,3826,124.82,FALSE
2008,Level 4,36886,All Industries,3254,450.05,FALSE
2016,Level 4,35198,Technology,2111,361.38,FALSE
2022,Level 2,7397,Services,1435,425.47,FALSE
2004,Level 3,47561,Manufacturing,4528,267.89,FALSE
2024,Level 3,4354,Retail,1631,486.81,FALSE
2020,Level 3,77682,Manufacturing,1564,445.28,TRUE
2002,Level 2,75420,Manufacturing,4350,303.53,TRUE
2025,Level 4,24488,All Industries,3614,84.07,TRUE
2004,Level 4,61729,Technology,3853,197.98,TRUE
2016,Level 1,34259,Services,4715,186.38,TRUE
2000,Level 4,34465,Services,1488,240.24,TRUE
2017,Level 1,56684,Technology,3080,440.64,FALSE
2012,Level 2,55774,All Industries,2618,345.7,FALSE
2001,Level 2,72059,Manufacturing,4402,345.44,TRUE
2005,Level 1,,Retail,261,160.74,TRUE
2002,Level 2,67616,All Industries,656,430.52,TRUE
2009,Level 2,15492,Retail,1163,131.47,FALSE
2021,Level 3,80822,Energy,575,320.92,FALSE
2022,Level 3,47386,Energy,4509,18.83,FALSE
2018,Level 4,94945,Retail,2695,434.03,TRUE
2008,Level 2,73407,Retail,917,402.47,FALSE
2016,Level 4,10200,Energy,3947,495.38,TRUE
2017,Level 1,50379,Retail,3550,259.41,TRUE
2010,Level 3,83407,Manufacturing,1555,473.66,FALSE
2001,Level 4,14453,All Industries,951,384.85,TRUE
2015,Level 2,81273,Retail,3592,155.16,TRUE
2009,Level 2,17022,Manufacturing,1888,258.61,TRUE
2005,Level 3,35461,Services,4256,432.62,FALSE
2008,Level 1,21579,Technology,3736,8.66,FALSE
2022,Level 4,21345,Retail,2805,74.82,FALSE
2000,Level 3,43726,Energy,3499,400.2,FALSE
2011,Level 2,33924,Services,4694,116.85,TRUE
2005,Level 1,52559,Manufacturing,3414,367.24,FALSE
2000,Level 3,16514,All Industries,1860,353.83,FALSE
2002,Level 4,83633,Technology,3181,336.4,FALSE
2008,Level 3,2246,Energy,4869,41.86,FALSE
2002,Level 3,47892,Retail,3513,483.83,FALSE
2024,Level 2,27107,Services,1179,20.89,FALSE
2025,Level 3,61172,Services,143,53.43,TRUE
2000,Level 3,87627,Retail,2312,316.08,FALSE
2015,Level 4,54157,Retail,1185,474.7,FALSE
2001,Level 1,55177,Services,1996,337.39,TRUE
2018,Level 1,19096,Energy,3041,165.09,TRUE
2021,Level 1,45449,Manufacturing,885,383.94,TRUE
2008,Level 4,53101,Services,568,396.81,FALSE
2004,Level 2,53475,Energy,1760,20.67,FALSE
2016,Level 3,77261,All Industries,4158,1.05,FALSE
2005,Level 4,40814,Energy,2745,320.92,FALSE
2009,Level 1,90539,All Industries,1471,290.83,FALSE
2025,Level 3,92293,Services,1384,271.94,TRUE
2010,Level 3,33064,Services,856,446.49,FALSE
2020,Level 3,25752,Manufacturing,2125,81.07,TRUE
2003,Level 2,63142,Retail,4074,215.86,FALSE
2002,Level 2,5009,Retail,375,236.74,FALSE
2004,Level 4,98407,Services,1240,425.73,TRUE
2018,Level 1,62309,Energy,1774,320.67,TRUE
2002,Level 4,88364,Services,1783,137.83,FALSE
2004,Level 1,15633,All Industries,1511,434.42,FALSE
2015,Level 1,63413,Technology,3935,380.37,TRUE
2019,Level 4,12176,Manufacturing,3090,259.49,TRUE
2021,Level 1,75095,Energy,3385,64.76,FALSE
2001,Level 1,31166,Manufacturing,2164,110.31,TRUE
2024,Level 3,83105,Energy,4395,403.81,TRUE
2020,Level 1,12974,Services,4353,470.56,FALSE
2004,Level 1,9357,Manufacturing,567,445.89,TRUE
2022,Level 3,6517,Technology,4497,247.23,FALSE
2021,Level 1,71980,Retail,1642,250.24,FALSE
2011,Level 3,,Retail,2808,152.48,TRUE
2015,Level 2,76595,Technology,3691,197.72,FALSE
2021,Level 4,7960,All Industries,4090,413.99,FALSE
2018,Level 1,99173,Retail,748,143.11,TRUE
2011,Level 2,41936,Retail,1106,495.54,TRUE
2020,Level 2,62973,Retail,3557,389.63,FALSE
2022,Level 1,30580,Retail,1949,170.59,TRUE
2024,Level 3,42186,Services,4643,348.7,TRUE
2014,Level 4,50422,Technology,2665,34.61,FALSE
2007,Level 2,87720,Technology,3760,71.32,TRUE
2018,Level 4,22883,All Industries,4759,258.25,FALSE
2018,Level 4,76625,Services,4267,327.4,TRUE
2019,Level 3,52870,Retail,4181,411.07,TRUE
2011,Level 2,41172,Manufacturing,616,397.34,FALSE
2012,Level 4,75663,Energy,159,76.7,TRUE
2012,Level 1,89541,Services,845,225.65,TRUE
2017,Level 2,82153,Technology,2468,177.99,FALSE
2006,Level 3,8691,All Industries,1322,89.72,FALSE
2010,Level 4,8873,Services,2851,446.91,FALSE
2001,Level 1,72855,Technology,1737,371.07,TRUE
2023,Level 1,63770,Retail,780,308.45,FALSE
2007,Level 3,78973,Technology,4919,376.04,TRUE
2024,Level 2,56328,Technology,4740,481.49,TRUE
2014,Level 3,8196,Services,2324,95.36,TRUE
2000,Level 1,7136,Services,3507,65.4,FALSE
2020,Level 4,90878,Technology,93,36.69,TRUE
2006,Level 1,53257,Energy,524,156.57,FALSE
2022,Level 4,22104,Energy,1843,183.42,FALSE
2006,Level 2,24238,Retail,126,30.49,FALSE
2011,Level 3,73109,Services,1368,58.55,TRUE
2003,Level 1,71645,Manufacturing,3052,479.85,FALSE
2005,Level 4,53859,Retail,2767,50.16,TRUE
2016,Level 4,73013,Retail,2276,74.4,TRUE
2012,Level 1,30119,Services,210,463.81,TRUE
2013,Level 1,21991,All Industries,2479,12.89,TRUE
2014,Level 4,47924,Retail,429,306.36,FALSE
2025,Level 3,48465,Manufacturing,2222,12.57,TRUE
2005,Level 4,83444,Technology,4578,265.38,FALSE
2020,Level 3,82489,Energy,921,198.54,FALSE
2006,Level 2,43366,Manufacturing,1631,449.91,TRUE
2020,Level 1,46320,Technology,827,189.66,FALSE
2002,Level 2,60635,Services,3118,242.73,FALSE
2007,Level 4,74420,Energy,3526,19.55,TRUE
2010,Level 3,28199,All Industries,4168,159.02,FALSE
2011,Level 4,32596,Manufacturing,4816,354,TRUE
2024,Level 2,39252,All Industries,3012,462.14,TRUE
2021,Level 3,11892,All Industries,4550,345.04,TRUE
2002,Level 3,49164,Energy,1632,83.19,FALSE
2021,Level 2,72859,Technology,3562,128.02,TRUE
2008,Level 2,76752,Manufacturing,3323,220.76,TRUE
2005,Level 4,,Services,936,153.92,TRUE
2023,Level 1,29398,Services,3566,89.89,FALSE
2002,Level 4,8129,Energy,3003,447.61,TRUE
2005,Level 3,5258,Retail,4353,123.57,TRUE
2020,Level 1,8834,Manufacturing,4751,182.27,TRUE
2024,Level 1,25407,Services,4184,111.92,FALSE
2015,Level 1,78595,Services,1544,495.76,FALSE
